{
    "jjj": 8.428781032562256,
    "sunjo": 10.346879720687866
}